{"train_rewards": [-8.880998514508157, -9.226531727473407, -9.13046766528586, -9.261844773919554, -9.188043071530375, -9.254966896620909, -9.331928828489351, -9.050284972335803, -9.18257610640031, -9.06741719637562, -9.405331208400106, -9.193426984781903, -9.267656134341593, -9.237012758763013, -8.959855212670048, -9.432641179237512, -9.382913497791344, -9.182923686169902, -9.387646518691456, -9.335296275257376, -9.368544426075651, -8.935014013022231, -8.755760646021107, -8.922913066498591, -8.913571418431859, -9.147146695871465, -8.482045236630514, -9.408519642861437, -7.7577874050396005, -8.882150724565264, -7.800485136861173, -9.256521008525278, -8.092935946438725, -9.022752977957106, -7.8680123955167005, -9.205310295471458, -7.890873772106239, -7.807701226238766, -8.287257787404359, -8.093550974697687, -8.039457830859623, -8.106168197351101, -8.258277260932438, -8.045808772856855, -8.132790203723916, -8.134957914259664, -8.08972488703903, -8.073983185139488, -8.116800553121223, -7.896757787961115, -8.16420301490251, -7.813740933338093, -8.34413133876838, -7.432841744318389, -8.158756844825023, -7.973103196297234, -7.811736497093801, -8.322513098355277, -7.554874829682215, -8.453530381381023, -7.9121643179748995, -8.248708118151852, -9.417157606190665, -8.665171884672024, -7.896984686550058, -8.437314716243701, -8.011155296469264], "same_mdp_eval_rewards": [-10, -10, -10, -10, -10, -10, -10, -10, -10, -10, -10, -10, -10, -10, -10, -10, -10, -10, -10, -10, -10, -10, -10, -10, -10, -10, -10, -10, -10, -10, -10, -10, -10, -10, -10, -10, -10, -10, -10, -10, -10, -10, -10, -10, -10, -10, -10, -10, -10, -10], "train_mdp_eval_rewards": [-10, -10, -10, -10, -10, -10, -10, -10, -10, -10, -10, -10, -10, -10, -10, -10, -10, -10, -10, -10, -10, -10, -10, -10, -10, -10, -10, -10, -10, -10, -10, -10, -10, -10, -10, -10, -10, -10, -10, -10, -10, -10, -10, -10, -10, -10, -10, -10, -10, -10], "test_mdp_eval_rewards": [-10, -10, -10, -10, -10, -10, -10, -10, -10, -10, -10, -10, -10, -10, -10, -10, -10, -10, -10, -10, -10, -10, -10, -10, -10, -10, -10, -10, -10, -10, -10, -10, -10, -10, -10, -10, -10, -10, -10, -10, -10, -10, -10, -10, -10, -10, -10, -10, -10, -10]}